{
  "version":"2.0",
  "metadata":{
    "apiVersion":"2015-01-01",
    "endpointPrefix":"es",
    "protocol":"rest-json",
    "serviceFullName":"Amazon Elasticsearch Service",
    "serviceId":"Elasticsearch Service",
    "signatureVersion":"v4",
    "uid":"es-2015-01-01"
  },
  "operations":{
    "AddTags":{
      "name":"AddTags",
      "http":{
        "method":"POST",
        "requestUri":"/2015-01-01/tags"
      },
      "input":{"shape":"AddTagsRequest"},
      "errors":[
        {"shape":"BaseException"},
        {"shape":"LimitExceededException"},
        {"shape":"ValidationException"},
        {"shape":"InternalException"}
      ]
    },
    "CancelElasticsearchServiceSoftwareUpdate":{
      "name":"CancelElasticsearchServiceSoftwareUpdate",
      "http":{
        "method":"POST",
        "requestUri":"/2015-01-01/es/serviceSoftwareUpdate/cancel"
      },
      "input":{"shape":"CancelElasticsearchServiceSoftwareUpdateRequest"},
      "output":{"shape":"CancelElasticsearchServiceSoftwareUpdateResponse"},
      "errors":[
        {"shape":"BaseException"},
        {"shape":"InternalException"},
        {"shape":"ResourceNotFoundException"},
        {"shape":"ValidationException"}
      ]
    },
    "CreateElasticsearchDomain":{
      "name":"CreateElasticsearchDomain",
      "http":{
        "method":"POST",
        "requestUri":"/2015-01-01/es/domain"
      },
      "input":{"shape":"CreateElasticsearchDomainRequest"},
      "output":{"shape":"CreateElasticsearchDomainResponse"},
      "errors":[
        {"shape":"BaseException"},
        {"shape":"DisabledOperationException"},
        {"shape":"InternalException"},
        {"shape":"InvalidTypeException"},
        {"shape":"LimitExceededException"},
        {"shape":"ResourceAlreadyExistsException"},
        {"shape":"ValidationException"}
      ]
    },
    "DeleteElasticsearchDomain":{
      "name":"DeleteElasticsearchDomain",
      "http":{
        "method":"DELETE",
        "requestUri":"/2015-01-01/es/domain/{DomainName}"
      },
      "input":{"shape":"DeleteElasticsearchDomainRequest"},
      "output":{"shape":"DeleteElasticsearchDomainResponse"},
      "errors":[
        {"shape":"BaseException"},
        {"shape":"InternalException"},
        {"shape":"ResourceNotFoundException"},
        {"shape":"ValidationException"}
      ]
    },
    "DeleteElasticsearchServiceRole":{
      "name":"DeleteElasticsearchServiceRole",
      "http":{
        "method":"DELETE",
        "requestUri":"/2015-01-01/es/role"
      },
      "errors":[
        {"shape":"BaseException"},
        {"shape":"InternalException"},
        {"shape":"ValidationException"}
      ]
    },
    "DescribeElasticsearchDomain":{
      "name":"DescribeElasticsearchDomain",
      "http":{
        "method":"GET",
        "requestUri":"/2015-01-01/es/domain/{DomainName}"
      },
      "input":{"shape":"DescribeElasticsearchDomainRequest"},
      "output":{"shape":"DescribeElasticsearchDomainResponse"},
      "errors":[
        {"shape":"BaseException"},
        {"shape":"InternalException"},
        {"shape":"ResourceNotFoundException"},
        {"shape":"ValidationException"}
      ]
    },
    "DescribeElasticsearchDomainConfig":{
      "name":"DescribeElasticsearchDomainConfig",
      "http":{
        "method":"GET",
        "requestUri":"/2015-01-01/es/domain/{DomainName}/config"
      },
      "input":{"shape":"DescribeElasticsearchDomainConfigRequest"},
      "output":{"shape":"DescribeElasticsearchDomainConfigResponse"},
      "errors":[
        {"shape":"BaseException"},
        {"shape":"InternalException"},
        {"shape":"ResourceNotFoundException"},
        {"shape":"ValidationException"}
      ]
    },
    "DescribeElasticsearchDomains":{
      "name":"DescribeElasticsearchDomains",
      "http":{
        "method":"POST",
        "requestUri":"/2015-01-01/es/domain-info"
      },
      "input":{"shape":"DescribeElasticsearchDomainsRequest"},
      "output":{"shape":"DescribeElasticsearchDomainsResponse"},
      "errors":[
        {"shape":"BaseException"},
        {"shape":"InternalException"},
        {"shape":"ValidationException"}
      ]
    },
    "DescribeElasticsearchInstanceTypeLimits":{
      "name":"DescribeElasticsearchInstanceTypeLimits",
      "http":{
        "method":"GET",
        "requestUri":"/2015-01-01/es/instanceTypeLimits/{ElasticsearchVersion}/{InstanceType}"
      },
      "input":{"shape":"DescribeElasticsearchInstanceTypeLimitsRequest"},
      "output":{"shape":"DescribeElasticsearchInstanceTypeLimitsResponse"},
      "errors":[
        {"shape":"BaseException"},
        {"shape":"InternalException"},
        {"shape":"InvalidTypeException"},
        {"shape":"LimitExceededException"},
        {"shape":"ResourceNotFoundException"},
        {"shape":"ValidationException"}
      ]
    },
    "DescribeReservedElasticsearchInstanceOfferings":{
      "name":"DescribeReservedElasticsearchInstanceOfferings",
      "http":{
        "method":"GET",
        "requestUri":"/2015-01-01/es/reservedInstanceOfferings"
      },
      "input":{"shape":"DescribeReservedElasticsearchInstanceOfferingsRequest"},
      "output":{"shape":"DescribeReservedElasticsearchInstanceOfferingsResponse"},
      "errors":[
        {"shape":"ResourceNotFoundException"},
        {"shape":"ValidationException"},
        {"shape":"DisabledOperationException"},
        {"shape":"InternalException"}
      ]
    },
    "DescribeReservedElasticsearchInstances":{
      "name":"DescribeReservedElasticsearchInstances",
      "http":{
        "method":"GET",
        "requestUri":"/2015-01-01/es/reservedInstances"
      },
      "input":{"shape":"DescribeReservedElasticsearchInstancesRequest"},
      "output":{"shape":"DescribeReservedElasticsearchInstancesResponse"},
      "errors":[
        {"shape":"ResourceNotFoundException"},
        {"shape":"InternalException"},
        {"shape":"ValidationException"},
        {"shape":"DisabledOperationException"}
      ]
    },
    "GetCompatibleElasticsearchVersions":{
      "name":"GetCompatibleElasticsearchVersions",
      "http":{
        "method":"GET",
        "requestUri":"/2015-01-01/es/compatibleVersions"
      },
      "input":{"shape":"GetCompatibleElasticsearchVersionsRequest"},
      "output":{"shape":"GetCompatibleElasticsearchVersionsResponse"},
      "errors":[
        {"shape":"BaseException"},
        {"shape":"ResourceNotFoundException"},
        {"shape":"DisabledOperationException"},
        {"shape":"ValidationException"},
        {"shape":"InternalException"}
      ]
    },
    "GetUpgradeHistory":{
      "name":"GetUpgradeHistory",
      "http":{
        "method":"GET",
        "requestUri":"/2015-01-01/es/upgradeDomain/{DomainName}/history"
      },
      "input":{"shape":"GetUpgradeHistoryRequest"},
      "output":{"shape":"GetUpgradeHistoryResponse"},
      "errors":[
        {"shape":"BaseException"},
        {"shape":"ResourceNotFoundException"},
        {"shape":"DisabledOperationException"},
        {"shape":"ValidationException"},
        {"shape":"InternalException"}
      ]
    },
    "GetUpgradeStatus":{
      "name":"GetUpgradeStatus",
      "http":{
        "method":"GET",
        "requestUri":"/2015-01-01/es/upgradeDomain/{DomainName}/status"
      },
      "input":{"shape":"GetUpgradeStatusRequest"},
      "output":{"shape":"GetUpgradeStatusResponse"},
      "errors":[
        {"shape":"BaseException"},
        {"shape":"ResourceNotFoundException"},
        {"shape":"DisabledOperationException"},
        {"shape":"ValidationException"},
        {"shape":"InternalException"}
      ]
    },
    "ListDomainNames":{
      "name":"ListDomainNames",
      "http":{
        "method":"GET",
        "requestUri":"/2015-01-01/domain"
      },
      "output":{"shape":"ListDomainNamesResponse"},
      "errors":[
        {"shape":"BaseException"},
        {"shape":"ValidationException"}
      ]
    },
    "ListElasticsearchInstanceTypes":{
      "name":"ListElasticsearchInstanceTypes",
      "http":{
        "method":"GET",
        "requestUri":"/2015-01-01/es/instanceTypes/{ElasticsearchVersion}"
      },
      "input":{"shape":"ListElasticsearchInstanceTypesRequest"},
      "output":{"shape":"ListElasticsearchInstanceTypesResponse"},
      "errors":[
        {"shape":"BaseException"},
        {"shape":"InternalException"},
        {"shape":"ResourceNotFoundException"},
        {"shape":"ValidationException"}
      ]
    },
    "ListElasticsearchVersions":{
      "name":"ListElasticsearchVersions",
      "http":{
        "method":"GET",
        "requestUri":"/2015-01-01/es/versions"
      },
      "input":{"shape":"ListElasticsearchVersionsRequest"},
      "output":{"shape":"ListElasticsearchVersionsResponse"},
      "errors":[
        {"shape":"BaseException"},
        {"shape":"InternalException"},
        {"shape":"ResourceNotFoundException"},
        {"shape":"ValidationException"}
      ]
    },
    "ListTags":{
      "name":"ListTags",
      "http":{
        "method":"GET",
        "requestUri":"/2015-01-01/tags/"
      },
      "input":{"shape":"ListTagsRequest"},
      "output":{"shape":"ListTagsResponse"},
      "errors":[
        {"shape":"BaseException"},
        {"shape":"ResourceNotFoundException"},
        {"shape":"ValidationException"},
        {"shape":"InternalException"}
      ]
    },
    "PurchaseReservedElasticsearchInstanceOffering":{
      "name":"PurchaseReservedElasticsearchInstanceOffering",
      "http":{
        "method":"POST",
        "requestUri":"/2015-01-01/es/purchaseReservedInstanceOffering"
      },
      "input":{"shape":"PurchaseReservedElasticsearchInstanceOfferingRequest"},
      "output":{"shape":"PurchaseReservedElasticsearchInstanceOfferingResponse"},
      "errors":[
        {"shape":"ResourceNotFoundException"},
        {"shape":"ResourceAlreadyExistsException"},
        {"shape":"LimitExceededException"},
        {"shape":"DisabledOperationException"},
        {"shape":"ValidationException"},
        {"shape":"InternalException"}
      ]
    },
    "RemoveTags":{
      "name":"RemoveTags",
      "http":{
        "method":"POST",
        "requestUri":"/2015-01-01/tags-removal"
      },
      "input":{"shape":"RemoveTagsRequest"},
      "errors":[
        {"shape":"BaseException"},
        {"shape":"ValidationException"},
        {"shape":"InternalException"}
      ]
    },
    "StartElasticsearchServiceSoftwareUpdate":{
      "name":"StartElasticsearchServiceSoftwareUpdate",
      "http":{
        "method":"POST",
        "requestUri":"/2015-01-01/es/serviceSoftwareUpdate/start"
      },
      "input":{"shape":"StartElasticsearchServiceSoftwareUpdateRequest"},
      "output":{"shape":"StartElasticsearchServiceSoftwareUpdateResponse"},
      "errors":[
        {"shape":"BaseException"},
        {"shape":"InternalException"},
        {"shape":"ResourceNotFoundException"},
        {"shape":"ValidationException"}
      ]
    },
    "UpdateElasticsearchDomainConfig":{
      "name":"UpdateElasticsearchDomainConfig",
      "http":{
        "method":"POST",
        "requestUri":"/2015-01-01/es/domain/{DomainName}/config"
      },
      "input":{"shape":"UpdateElasticsearchDomainConfigRequest"},
      "output":{"shape":"UpdateElasticsearchDomainConfigResponse"},
      "errors":[
        {"shape":"BaseException"},
        {"shape":"InternalException"},
        {"shape":"InvalidTypeException"},
        {"shape":"LimitExceededException"},
        {"shape":"ResourceNotFoundException"},
        {"shape":"ValidationException"}
      ]
    },
    "UpgradeElasticsearchDomain":{
      "name":"UpgradeElasticsearchDomain",
      "http":{
        "method":"POST",
        "requestUri":"/2015-01-01/es/upgradeDomain"
      },
      "input":{"shape":"UpgradeElasticsearchDomainRequest"},
      "output":{"shape":"UpgradeElasticsearchDomainResponse"},
      "errors":[
        {"shape":"BaseException"},
        {"shape":"ResourceNotFoundException"},
        {"shape":"ResourceAlreadyExistsException"},
        {"shape":"DisabledOperationException"},
        {"shape":"ValidationException"},
        {"shape":"InternalException"}
      ]
    }
  },
  "shapes":{
    "ARN":{"type":"string"},
    "AccessPoliciesStatus":{
      "type":"structure",
      "required":[
        "Options",
        "Status"
      ],
      "members":{
        "Options":{"shape":"PolicyDocument"},
        "Status":{"shape":"OptionStatus"}
      }
    },
    "AddTagsRequest":{
      "type":"structure",
      "required":[
        "ARN",
        "TagList"
      ],
      "members":{
        "ARN":{"shape":"ARN"},
        "TagList":{"shape":"TagList"}
      }
    },
    "AdditionalLimit":{
      "type":"structure",
      "members":{
        "LimitName":{"shape":"LimitName"},
        "LimitValues":{"shape":"LimitValueList"}
      }
    },
    "AdditionalLimitList":{
      "type":"list",
      "member":{"shape":"AdditionalLimit"}
    },
    "AdvancedOptions":{
      "type":"map",
      "key":{"shape":"String"},
      "value":{"shape":"String"}
    },
    "AdvancedOptionsStatus":{
      "type":"structure",
      "required":[
        "Options",
        "Status"
      ],
      "members":{
        "Options":{"shape":"AdvancedOptions"},
        "Status":{"shape":"OptionStatus"}
      }
    },
    "BaseException":{
      "type":"structure",
      "members":{
        "message":{"shape":"ErrorMessage"}
      },
      "exception":true
    },
    "Boolean":{"type":"boolean"},
    "CancelElasticsearchServiceSoftwareUpdateRequest":{
      "type":"structure",
      "required":["DomainName"],
      "members":{
        "DomainName":{"shape":"DomainName"}
      }
    },
    "CancelElasticsearchServiceSoftwareUpdateResponse":{
      "type":"structure",
      "members":{
        "ServiceSoftwareOptions":{"shape":"ServiceSoftwareOptions"}
      }
    },
    "CloudWatchLogsLogGroupArn":{"type":"string"},
    "CognitoOptions":{
      "type":"structure",
      "members":{
        "Enabled":{"shape":"Boolean"},
        "UserPoolId":{"shape":"UserPoolId"},
        "IdentityPoolId":{"shape":"IdentityPoolId"},
        "RoleArn":{"shape":"RoleArn"}
      }
    },
    "CognitoOptionsStatus":{
      "type":"structure",
      "required":[
        "Options",
        "Status"
      ],
      "members":{
        "Options":{"shape":"CognitoOptions"},
        "Status":{"shape":"OptionStatus"}
      }
    },
    "CompatibleElasticsearchVersionsList":{
      "type":"list",
      "member":{"shape":"CompatibleVersionsMap"}
    },
    "CompatibleVersionsMap":{
      "type":"structure",
      "members":{
        "SourceVersion":{"shape":"ElasticsearchVersionString"},
        "TargetVersions":{"shape":"ElasticsearchVersionList"}
      }
    },
    "CreateElasticsearchDomainRequest":{
      "type":"structure",
      "required":["DomainName"],
      "members":{
        "DomainName":{"shape":"DomainName"},
        "ElasticsearchVersion":{"shape":"ElasticsearchVersionString"},
        "ElasticsearchClusterConfig":{"shape":"ElasticsearchClusterConfig"},
        "EBSOptions":{"shape":"EBSOptions"},
        "AccessPolicies":{"shape":"PolicyDocument"},
        "SnapshotOptions":{"shape":"SnapshotOptions"},
        "VPCOptions":{"shape":"VPCOptions"},
        "CognitoOptions":{"shape":"CognitoOptions"},
        "EncryptionAtRestOptions":{"shape":"EncryptionAtRestOptions"},
        "NodeToNodeEncryptionOptions":{"shape":"NodeToNodeEncryptionOptions"},
        "AdvancedOptions":{"shape":"AdvancedOptions"},
        "LogPublishingOptions":{"shape":"LogPublishingOptions"}
      }
    },
    "CreateElasticsearchDomainResponse":{
      "type":"structure",
      "members":{
        "DomainStatus":{"shape":"ElasticsearchDomainStatus"}
      }
    },
    "DeleteElasticsearchDomainRequest":{
      "type":"structure",
      "required":["DomainName"],
      "members":{
        "DomainName":{
          "shape":"DomainName",
          "location":"uri",
          "locationName":"DomainName"
        }
      }
    },
    "DeleteElasticsearchDomainResponse":{
      "type":"structure",
      "members":{
        "DomainStatus":{"shape":"ElasticsearchDomainStatus"}
      }
    },
    "DeploymentCloseDateTimeStamp":{"type":"timestamp"},
    "DeploymentStatus":{
      "type":"string",
      "enum":[
        "PENDING_UPDATE",
        "IN_PROGRESS",
        "COMPLETED",
        "NOT_ELIGIBLE",
        "ELIGIBLE"
      ]
    },
    "DescribeElasticsearchDomainConfigRequest":{
      "type":"structure",
      "required":["DomainName"],
      "members":{
        "DomainName":{
          "shape":"DomainName",
          "location":"uri",
          "locationName":"DomainName"
        }
      }
    },
    "DescribeElasticsearchDomainConfigResponse":{
      "type":"structure",
      "required":["DomainConfig"],
      "members":{
        "DomainConfig":{"shape":"ElasticsearchDomainConfig"}
      }
    },
    "DescribeElasticsearchDomainRequest":{
      "type":"structure",
      "required":["DomainName"],
      "members":{
        "DomainName":{
          "shape":"DomainName",
          "location":"uri",
          "locationName":"DomainName"
        }
      }
    },
    "DescribeElasticsearchDomainResponse":{
      "type":"structure",
      "required":["DomainStatus"],
      "members":{
        "DomainStatus":{"shape":"ElasticsearchDomainStatus"}
      }
    },
    "DescribeElasticsearchDomainsRequest":{
      "type":"structure",
      "required":["DomainNames"],
      "members":{
        "DomainNames":{"shape":"DomainNameList"}
      }
    },
    "DescribeElasticsearchDomainsResponse":{
      "type":"structure",
      "required":["DomainStatusList"],
      "members":{
        "DomainStatusList":{"shape":"ElasticsearchDomainStatusList"}
      }
    },
    "DescribeElasticsearchInstanceTypeLimitsRequest":{
      "type":"structure",
      "required":[
        "InstanceType",
        "ElasticsearchVersion"
      ],
      "members":{
        "DomainName":{
          "shape":"DomainName",
          "location":"querystring",
          "locationName":"domainName"
        },
        "InstanceType":{
          "shape":"ESPartitionInstanceType",
          "location":"uri",
          "locationName":"InstanceType"
        },
        "ElasticsearchVersion":{
          "shape":"ElasticsearchVersionString",
          "location":"uri",
          "locationName":"ElasticsearchVersion"
        }
      }
    },
    "DescribeElasticsearchInstanceTypeLimitsResponse":{
      "type":"structure",
      "members":{
        "LimitsByRole":{"shape":"LimitsByRole"}
      }
    },
    "DescribeReservedElasticsearchInstanceOfferingsRequest":{
      "type":"structure",
      "members":{
        "ReservedElasticsearchInstanceOfferingId":{
          "shape":"GUID",
          "location":"querystring",
          "locationName":"offeringId"
        },
        "MaxResults":{
          "shape":"MaxResults",
          "location":"querystring",
          "locationName":"maxResults"
        },
        "NextToken":{
          "shape":"NextToken",
          "location":"querystring",
          "locationName":"nextToken"
        }
      }
    },
    "DescribeReservedElasticsearchInstanceOfferingsResponse":{
      "type":"structure",
      "members":{
        "NextToken":{"shape":"NextToken"},
        "ReservedElasticsearchInstanceOfferings":{"shape":"ReservedElasticsearchInstanceOfferingList"}
      }
    },
    "DescribeReservedElasticsearchInstancesRequest":{
      "type":"structure",
      "members":{
        "ReservedElasticsearchInstanceId":{
          "shape":"GUID",
          "location":"querystring",
          "locationName":"reservationId"
        },
        "MaxResults":{
          "shape":"MaxResults",
          "location":"querystring",
          "locationName":"maxResults"
        },
        "NextToken":{
          "shape":"NextToken",
          "location":"querystring",
          "locationName":"nextToken"
        }
      }
    },
    "DescribeReservedElasticsearchInstancesResponse":{
      "type":"structure",
      "members":{
        "NextToken":{"shape":"String"},
        "ReservedElasticsearchInstances":{"shape":"ReservedElasticsearchInstanceList"}
      }
    },
    "DisabledOperationException":{
      "type":"structure",
      "members":{
      },
      "error":{"httpStatusCode":409},
      "exception":true
    },
    "DomainId":{
      "type":"string",
      "max":64,
      "min":1
    },
    "DomainInfo":{
      "type":"structure",
      "members":{
        "DomainName":{"shape":"DomainName"}
      }
    },
    "DomainInfoList":{
      "type":"list",
      "member":{"shape":"DomainInfo"}
    },
    "DomainName":{
      "type":"string",
      "max":28,
      "min":3,
      "pattern":"[a-z][a-z0-9\\-]+"
    },
    "DomainNameList":{
      "type":"list",
      "member":{"shape":"DomainName"}
    },
    "Double":{"type":"double"},
    "EBSOptions":{
      "type":"structure",
      "members":{
        "EBSEnabled":{"shape":"Boolean"},
        "VolumeType":{"shape":"VolumeType"},
        "VolumeSize":{"shape":"IntegerClass"},
        "Iops":{"shape":"IntegerClass"}
      }
    },
    "EBSOptionsStatus":{
      "type":"structure",
      "required":[
        "Options",
        "Status"
      ],
      "members":{
        "Options":{"shape":"EBSOptions"},
        "Status":{"shape":"OptionStatus"}
      }
    },
    "ESPartitionInstanceType":{
      "type":"string",
      "enum":[
        "m3.medium.elasticsearch",
        "m3.large.elasticsearch",
        "m3.xlarge.elasticsearch",
        "m3.2xlarge.elasticsearch",
        "m4.large.elasticsearch",
        "m4.xlarge.elasticsearch",
        "m4.2xlarge.elasticsearch",
        "m4.4xlarge.elasticsearch",
        "m4.10xlarge.elasticsearch",
        "t2.micro.elasticsearch",
        "t2.small.elasticsearch",
        "t2.medium.elasticsearch",
        "r3.large.elasticsearch",
        "r3.xlarge.elasticsearch",
        "r3.2xlarge.elasticsearch",
        "r3.4xlarge.elasticsearch",
        "r3.8xlarge.elasticsearch",
        "i2.xlarge.elasticsearch",
        "i2.2xlarge.elasticsearch",
        "d2.xlarge.elasticsearch",
        "d2.2xlarge.elasticsearch",
        "d2.4xlarge.elasticsearch",
        "d2.8xlarge.elasticsearch",
        "c4.large.elasticsearch",
        "c4.xlarge.elasticsearch",
        "c4.2xlarge.elasticsearch",
        "c4.4xlarge.elasticsearch",
        "c4.8xlarge.elasticsearch",
        "r4.large.elasticsearch",
        "r4.xlarge.elasticsearch",
        "r4.2xlarge.elasticsearch",
        "r4.4xlarge.elasticsearch",
        "r4.8xlarge.elasticsearch",
        "r4.16xlarge.elasticsearch",
        "i3.large.elasticsearch",
        "i3.xlarge.elasticsearch",
        "i3.2xlarge.elasticsearch",
        "i3.4xlarge.elasticsearch",
        "i3.8xlarge.elasticsearch",
        "i3.16xlarge.elasticsearch"
      ]
    },
    "ElasticsearchClusterConfig":{
      "type":"structure",
      "members":{
        "InstanceType":{"shape":"ESPartitionInstanceType"},
        "InstanceCount":{"shape":"IntegerClass"},
        "DedicatedMasterEnabled":{"shape":"Boolean"},
        "ZoneAwarenessEnabled":{"shape":"Boolean"},
        "ZoneAwarenessConfig":{"shape":"ZoneAwarenessConfig"},
        "DedicatedMasterType":{"shape":"ESPartitionInstanceType"},
        "DedicatedMasterCount":{"shape":"IntegerClass"}
      }
    },
    "ElasticsearchClusterConfigStatus":{
      "type":"structure",
      "required":[
        "Options",
        "Status"
      ],
      "members":{
        "Options":{"shape":"ElasticsearchClusterConfig"},
        "Status":{"shape":"OptionStatus"}
      }
    },
    "ElasticsearchDomainConfig":{
      "type":"structure",
      "members":{
        "ElasticsearchVersion":{"shape":"ElasticsearchVersionStatus"},
        "ElasticsearchClusterConfig":{"shape":"ElasticsearchClusterConfigStatus"},
        "EBSOptions":{"shape":"EBSOptionsStatus"},
        "AccessPolicies":{"shape":"AccessPoliciesStatus"},
        "SnapshotOptions":{"shape":"SnapshotOptionsStatus"},
        "VPCOptions":{"shape":"VPCDerivedInfoStatus"},
        "CognitoOptions":{"shape":"CognitoOptionsStatus"},
        "EncryptionAtRestOptions":{"shape":"EncryptionAtRestOptionsStatus"},
        "NodeToNodeEncryptionOptions":{"shape":"NodeToNodeEncryptionOptionsStatus"},
        "AdvancedOptions":{"shape":"AdvancedOptionsStatus"},
        "LogPublishingOptions":{"shape":"LogPublishingOptionsStatus"}
      }
    },
    "ElasticsearchDomainStatus":{
      "type":"structure",
      "required":[
        "DomainId",
        "DomainName",
        "ARN",
        "ElasticsearchClusterConfig"
      ],
      "members":{
        "DomainId":{"shape":"DomainId"},
        "DomainName":{"shape":"DomainName"},
        "ARN":{"shape":"ARN"},
        "Created":{"shape":"Boolean"},
        "Deleted":{"shape":"Boolean"},
        "Endpoint":{"shape":"ServiceUrl"},
        "Endpoints":{"shape":"EndpointsMap"},
        "Processing":{"shape":"Boolean"},
        "UpgradeProcessing":{"shape":"Boolean"},
        "ElasticsearchVersion":{"shape":"ElasticsearchVersionString"},
        "ElasticsearchClusterConfig":{"shape":"ElasticsearchClusterConfig"},
        "EBSOptions":{"shape":"EBSOptions"},
        "AccessPolicies":{"shape":"PolicyDocument"},
        "SnapshotOptions":{"shape":"SnapshotOptions"},
        "VPCOptions":{"shape":"VPCDerivedInfo"},
        "CognitoOptions":{"shape":"CognitoOptions"},
        "EncryptionAtRestOptions":{"shape":"EncryptionAtRestOptions"},
        "NodeToNodeEncryptionOptions":{"shape":"NodeToNodeEncryptionOptions"},
        "AdvancedOptions":{"shape":"AdvancedOptions"},
        "LogPublishingOptions":{"shape":"LogPublishingOptions"},
        "ServiceSoftwareOptions":{"shape":"ServiceSoftwareOptions"}
      }
    },
    "ElasticsearchDomainStatusList":{
      "type":"list",
      "member":{"shape":"ElasticsearchDomainStatus"}
    },
    "ElasticsearchInstanceTypeList":{
      "type":"list",
      "member":{"shape":"ESPartitionInstanceType"}
    },
    "ElasticsearchVersionList":{
      "type":"list",
      "member":{"shape":"ElasticsearchVersionString"}
    },
    "ElasticsearchVersionStatus":{
      "type":"structure",
      "required":[
        "Options",
        "Status"
      ],
      "members":{
        "Options":{"shape":"ElasticsearchVersionString"},
        "Status":{"shape":"OptionStatus"}
      }
    },
    "ElasticsearchVersionString":{"type":"string"},
    "EncryptionAtRestOptions":{
      "type":"structure",
      "members":{
        "Enabled":{"shape":"Boolean"},
        "KmsKeyId":{"shape":"KmsKeyId"}
      }
    },
    "EncryptionAtRestOptionsStatus":{
      "type":"structure",
      "required":[
        "Options",
        "Status"
      ],
      "members":{
        "Options":{"shape":"EncryptionAtRestOptions"},
        "Status":{"shape":"OptionStatus"}
      }
    },
    "EndpointsMap":{
      "type":"map",
      "key":{"shape":"String"},
      "value":{"shape":"ServiceUrl"}
    },
    "ErrorMessage":{"type":"string"},
    "GUID":{
      "type":"string",
      "pattern":"\\p{XDigit}{8}-\\p{XDigit}{4}-\\p{XDigit}{4}-\\p{XDigit}{4}-\\p{XDigit}{12}"
    },
    "GetCompatibleElasticsearchVersionsRequest":{
      "type":"structure",
      "members":{
        "DomainName":{
          "shape":"DomainName",
          "location":"querystring",
          "locationName":"domainName"
        }
      }
    },
    "GetCompatibleElasticsearchVersionsResponse":{
      "type":"structure",
      "members":{
        "CompatibleElasticsearchVersions":{"shape":"CompatibleElasticsearchVersionsList"}
      }
    },
    "GetUpgradeHistoryRequest":{
      "type":"structure",
      "required":["DomainName"],
      "members":{
        "DomainName":{
          "shape":"DomainName",
          "location":"uri",
          "locationName":"DomainName"
        },
        "MaxResults":{
          "shape":"MaxResults",
          "location":"querystring",
          "locationName":"maxResults"
        },
        "NextToken":{
          "shape":"NextToken",
          "location":"querystring",
          "locationName":"nextToken"
        }
      }
    },
    "GetUpgradeHistoryResponse":{
      "type":"structure",
      "members":{
        "UpgradeHistories":{"shape":"UpgradeHistoryList"},
        "NextToken":{"shape":"String"}
      }
    },
    "GetUpgradeStatusRequest":{
      "type":"structure",
      "required":["DomainName"],
      "members":{
        "DomainName":{
          "shape":"DomainName",
          "location":"uri",
          "locationName":"DomainName"
        }
      }
    },
    "GetUpgradeStatusResponse":{
      "type":"structure",
      "members":{
        "UpgradeStep":{"shape":"UpgradeStep"},
        "StepStatus":{"shape":"UpgradeStatus"},
        "UpgradeName":{"shape":"UpgradeName"}
      }
    },
    "IdentityPoolId":{
      "type":"string",
      "max":55,
      "min":1,
      "pattern":"[\\w-]+:[0-9a-f-]+"
    },
    "InstanceCount":{
      "type":"integer",
      "min":1
    },
    "InstanceCountLimits":{
      "type":"structure",
      "members":{
        "MinimumInstanceCount":{"shape":"MinimumInstanceCount"},
        "MaximumInstanceCount":{"shape":"MaximumInstanceCount"}
      }
    },
    "InstanceLimits":{
      "type":"structure",
      "members":{
        "InstanceCountLimits":{"shape":"InstanceCountLimits"}
      }
    },
    "InstanceRole":{"type":"string"},
    "Integer":{"type":"integer"},
    "IntegerClass":{"type":"integer"},
    "InternalException":{
      "type":"structure",
      "members":{
      },
      "error":{"httpStatusCode":500},
      "exception":true
    },
    "InvalidTypeException":{
      "type":"structure",
      "members":{
      },
      "error":{"httpStatusCode":409},
      "exception":true
    },
    "Issue":{"type":"string"},
    "Issues":{
      "type":"list",
      "member":{"shape":"Issue"}
    },
    "KmsKeyId":{
      "type":"string",
      "max":500,
      "min":1
    },
    "LimitExceededException":{
      "type":"structure",
      "members":{
      },
      "error":{"httpStatusCode":409},
      "exception":true
    },
    "LimitName":{"type":"string"},
    "LimitValue":{"type":"string"},
    "LimitValueList":{
      "type":"list",
      "member":{"shape":"LimitValue"}
    },
    "Limits":{
      "type":"structure",
      "members":{
        "StorageTypes":{"shape":"StorageTypeList"},
        "InstanceLimits":{"shape":"InstanceLimits"},
        "AdditionalLimits":{"shape":"AdditionalLimitList"}
      }
    },
    "LimitsByRole":{
      "type":"map",
      "key":{"shape":"InstanceRole"},
      "value":{"shape":"Limits"}
    },
    "ListDomainNamesResponse":{
      "type":"structure",
      "members":{
        "DomainNames":{"shape":"DomainInfoList"}
      }
    },
    "ListElasticsearchInstanceTypesRequest":{
      "type":"structure",
      "required":["ElasticsearchVersion"],
      "members":{
        "ElasticsearchVersion":{
          "shape":"ElasticsearchVersionString",
          "location":"uri",
          "locationName":"ElasticsearchVersion"
        },
        "DomainName":{
          "shape":"DomainName",
          "location":"querystring",
          "locationName":"domainName"
        },
        "MaxResults":{
          "shape":"MaxResults",
          "location":"querystring",
          "locationName":"maxResults"
        },
        "NextToken":{
          "shape":"NextToken",
          "location":"querystring",
          "locationName":"nextToken"
        }
      }
    },
    "ListElasticsearchInstanceTypesResponse":{
      "type":"structure",
      "members":{
        "ElasticsearchInstanceTypes":{"shape":"ElasticsearchInstanceTypeList"},
        "NextToken":{"shape":"NextToken"}
      }
    },
    "ListElasticsearchVersionsRequest":{
      "type":"structure",
      "members":{
        "MaxResults":{
          "shape":"MaxResults",
          "location":"querystring",
          "locationName":"maxResults"
        },
        "NextToken":{
          "shape":"NextToken",
          "location":"querystring",
          "locationName":"nextToken"
        }
      }
    },
    "ListElasticsearchVersionsResponse":{
      "type":"structure",
      "members":{
        "ElasticsearchVersions":{"shape":"ElasticsearchVersionList"},
        "NextToken":{"shape":"NextToken"}
      }
    },
    "ListTagsRequest":{
      "type":"structure",
      "required":["ARN"],
      "members":{
        "ARN":{
          "shape":"ARN",
          "location":"querystring",
          "locationName":"arn"
        }
      }
    },
    "ListTagsResponse":{
      "type":"structure",
      "members":{
        "TagList":{"shape":"TagList"}
      }
    },
    "LogPublishingOption":{
      "type":"structure",
      "members":{
        "CloudWatchLogsLogGroupArn":{"shape":"CloudWatchLogsLogGroupArn"},
        "Enabled":{"shape":"Boolean"}
      }
    },
    "LogPublishingOptions":{
      "type":"map",
      "key":{"shape":"LogType"},
      "value":{"shape":"LogPublishingOption"}
    },
    "LogPublishingOptionsStatus":{
      "type":"structure",
      "members":{
        "Options":{"shape":"LogPublishingOptions"},
        "Status":{"shape":"OptionStatus"}
      }
    },
    "LogType":{
      "type":"string",
      "enum":[
        "INDEX_SLOW_LOGS",
        "SEARCH_SLOW_LOGS",
        "ES_APPLICATION_LOGS"
      ]
    },
    "MaxResults":{
      "type":"integer",
      "max":100
    },
    "MaximumInstanceCount":{"type":"integer"},
    "MinimumInstanceCount":{"type":"integer"},
    "NextToken":{"type":"string"},
    "NodeToNodeEncryptionOptions":{
      "type":"structure",
      "members":{
        "Enabled":{"shape":"Boolean"}
      }
    },
    "NodeToNodeEncryptionOptionsStatus":{
      "type":"structure",
      "required":[
        "Options",
        "Status"
      ],
      "members":{
        "Options":{"shape":"NodeToNodeEncryptionOptions"},
        "Status":{"shape":"OptionStatus"}
      }
    },
    "OptionState":{
      "type":"string",
      "enum":[
        "RequiresIndexDocuments",
        "Processing",
        "Active"
      ]
    },
    "OptionStatus":{
      "type":"structure",
      "required":[
        "CreationDate",
        "UpdateDate",
        "State"
      ],
      "members":{
        "CreationDate":{"shape":"UpdateTimestamp"},
        "UpdateDate":{"shape":"UpdateTimestamp"},
        "UpdateVersion":{"shape":"UIntValue"},
        "State":{"shape":"OptionState"},
        "PendingDeletion":{"shape":"Boolean"}
      }
    },
    "PolicyDocument":{"type":"string"},
    "PurchaseReservedElasticsearchInstanceOfferingRequest":{
      "type":"structure",
      "required":[
        "ReservedElasticsearchInstanceOfferingId",
        "ReservationName"
      ],
      "members":{
        "ReservedElasticsearchInstanceOfferingId":{"shape":"GUID"},
        "ReservationName":{"shape":"ReservationToken"},
        "InstanceCount":{"shape":"InstanceCount"}
      }
    },
    "PurchaseReservedElasticsearchInstanceOfferingResponse":{
      "type":"structure",
      "members":{
        "ReservedElasticsearchInstanceId":{"shape":"GUID"},
        "ReservationName":{"shape":"ReservationToken"}
      }
    },
    "RecurringCharge":{
      "type":"structure",
      "members":{
        "RecurringChargeAmount":{"shape":"Double"},
        "RecurringChargeFrequency":{"shape":"String"}
      }
    },
    "RecurringChargeList":{
      "type":"list",
      "member":{"shape":"RecurringCharge"}
    },
    "RemoveTagsRequest":{
      "type":"structure",
      "required":[
        "ARN",
        "TagKeys"
      ],
      "members":{
        "ARN":{"shape":"ARN"},
        "TagKeys":{"shape":"StringList"}
      }
    },
    "ReservationToken":{
      "type":"string",
      "max":64,
      "min":5
    },
    "ReservedElasticsearchInstance":{
      "type":"structure",
      "members":{
        "ReservationName":{"shape":"ReservationToken"},
        "ReservedElasticsearchInstanceId":{"shape":"GUID"},
        "ReservedElasticsearchInstanceOfferingId":{"shape":"String"},
        "ElasticsearchInstanceType":{"shape":"ESPartitionInstanceType"},
        "StartTime":{"shape":"UpdateTimestamp"},
        "Duration":{"shape":"Integer"},
        "FixedPrice":{"shape":"Double"},
        "UsagePrice":{"shape":"Double"},
        "CurrencyCode":{"shape":"String"},
        "ElasticsearchInstanceCount":{"shape":"Integer"},
        "State":{"shape":"String"},
        "PaymentOption":{"shape":"ReservedElasticsearchInstancePaymentOption"},
        "RecurringCharges":{"shape":"RecurringChargeList"}
      }
    },
    "ReservedElasticsearchInstanceList":{
      "type":"list",
      "member":{"shape":"ReservedElasticsearchInstance"}
    },
    "ReservedElasticsearchInstanceOffering":{
      "type":"structure",
      "members":{
        "ReservedElasticsearchInstanceOfferingId":{"shape":"GUID"},
        "ElasticsearchInstanceType":{"shape":"ESPartitionInstanceType"},
        "Duration":{"shape":"Integer"},
        "FixedPrice":{"shape":"Double"},
        "UsagePrice":{"shape":"Double"},
        "CurrencyCode":{"shape":"String"},
        "PaymentOption":{"shape":"ReservedElasticsearchInstancePaymentOption"},
        "RecurringCharges":{"shape":"RecurringChargeList"}
      }
    },
    "ReservedElasticsearchInstanceOfferingList":{
      "type":"list",
      "member":{"shape":"ReservedElasticsearchInstanceOffering"}
    },
    "ReservedElasticsearchInstancePaymentOption":{
      "type":"string",
      "enum":[
        "ALL_UPFRONT",
        "PARTIAL_UPFRONT",
        "NO_UPFRONT"
      ]
    },
    "ResourceAlreadyExistsException":{
      "type":"structure",
      "members":{
      },
      "error":{"httpStatusCode":409},
      "exception":true
    },
    "ResourceNotFoundException":{
      "type":"structure",
      "members":{
      },
      "error":{"httpStatusCode":409},
      "exception":true
    },
    "RoleArn":{
      "type":"string",
      "max":2048,
      "min":20
    },
    "ServiceSoftwareOptions":{
      "type":"structure",
      "members":{
        "CurrentVersion":{"shape":"String"},
        "NewVersion":{"shape":"String"},
        "UpdateAvailable":{"shape":"Boolean"},
        "Cancellable":{"shape":"Boolean"},
        "UpdateStatus":{"shape":"DeploymentStatus"},
        "Description":{"shape":"String"},
        "AutomatedUpdateDate":{"shape":"DeploymentCloseDateTimeStamp"}
      }
    },
    "ServiceUrl":{"type":"string"},
    "SnapshotOptions":{
      "type":"structure",
      "members":{
        "AutomatedSnapshotStartHour":{"shape":"IntegerClass"}
      }
    },
    "SnapshotOptionsStatus":{
      "type":"structure",
      "required":[
        "Options",
        "Status"
      ],
      "members":{
        "Options":{"shape":"SnapshotOptions"},
        "Status":{"shape":"OptionStatus"}
      }
    },
    "StartElasticsearchServiceSoftwareUpdateRequest":{
      "type":"structure",
      "required":["DomainName"],
      "members":{
        "DomainName":{"shape":"DomainName"}
      }
    },
    "StartElasticsearchServiceSoftwareUpdateResponse":{
      "type":"structure",
      "members":{
        "ServiceSoftwareOptions":{"shape":"ServiceSoftwareOptions"}
      }
    },
    "StartTimestamp":{"type":"timestamp"},
    "StorageSubTypeName":{"type":"string"},
    "StorageType":{
      "type":"structure",
      "members":{
        "StorageTypeName":{"shape":"StorageTypeName"},
        "StorageSubTypeName":{"shape":"StorageSubTypeName"},
        "StorageTypeLimits":{"shape":"StorageTypeLimitList"}
      }
    },
    "StorageTypeLimit":{
      "type":"structure",
      "members":{
        "LimitName":{"shape":"LimitName"},
        "LimitValues":{"shape":"LimitValueList"}
      }
    },
    "StorageTypeLimitList":{
      "type":"list",
      "member":{"shape":"StorageTypeLimit"}
    },
    "StorageTypeList":{
      "type":"list",
      "member":{"shape":"StorageType"}
    },
    "StorageTypeName":{"type":"string"},
    "String":{"type":"string"},
    "StringList":{
      "type":"list",
      "member":{"shape":"String"}
    },
    "Tag":{
      "type":"structure",
      "required":[
        "Key",
        "Value"
      ],
      "members":{
        "Key":{"shape":"TagKey"},
        "Value":{"shape":"TagValue"}
      }
    },
    "TagKey":{
      "type":"string",
      "max":128,
      "min":1
    },
    "TagList":{
      "type":"list",
      "member":{"shape":"Tag"}
    },
    "TagValue":{
      "type":"string",
      "max":256,
      "min":0
    },
    "UIntValue":{
      "type":"integer",
      "min":0
    },
    "UpdateElasticsearchDomainConfigRequest":{
      "type":"structure",
      "required":["DomainName"],
      "members":{
        "DomainName":{
          "shape":"DomainName",
          "location":"uri",
          "locationName":"DomainName"
        },
        "ElasticsearchClusterConfig":{"shape":"ElasticsearchClusterConfig"},
        "EBSOptions":{"shape":"EBSOptions"},
        "SnapshotOptions":{"shape":"SnapshotOptions"},
        "VPCOptions":{"shape":"VPCOptions"},
        "CognitoOptions":{"shape":"CognitoOptions"},
        "AdvancedOptions":{"shape":"AdvancedOptions"},
        "AccessPolicies":{"shape":"PolicyDocument"},
        "LogPublishingOptions":{"shape":"LogPublishingOptions"}
      }
    },
    "UpdateElasticsearchDomainConfigResponse":{
      "type":"structure",
      "required":["DomainConfig"],
      "members":{
        "DomainConfig":{"shape":"ElasticsearchDomainConfig"}
      }
    },
    "UpdateTimestamp":{"type":"timestamp"},
    "UpgradeElasticsearchDomainRequest":{
      "type":"structure",
      "required":[
        "DomainName",
        "TargetVersion"
      ],
      "members":{
        "DomainName":{"shape":"DomainName"},
        "TargetVersion":{"shape":"ElasticsearchVersionString"},
        "PerformCheckOnly":{"shape":"Boolean"}
      }
    },
    "UpgradeElasticsearchDomainResponse":{
      "type":"structure",
      "members":{
        "DomainName":{"shape":"DomainName"},
        "TargetVersion":{"shape":"ElasticsearchVersionString"},
        "PerformCheckOnly":{"shape":"Boolean"}
      }
    },
    "UpgradeHistory":{
      "type":"structure",
      "members":{
        "UpgradeName":{"shape":"UpgradeName"},
        "StartTimestamp":{"shape":"StartTimestamp"},
        "UpgradeStatus":{"shape":"UpgradeStatus"},
        "StepsList":{"shape":"UpgradeStepsList"}
      }
    },
    "UpgradeHistoryList":{
      "type":"list",
      "member":{"shape":"UpgradeHistory"}
    },
    "UpgradeName":{"type":"string"},
    "UpgradeStatus":{
      "type":"string",
      "enum":[
        "IN_PROGRESS",
        "SUCCEEDED",
        "SUCCEEDED_WITH_ISSUES",
        "FAILED"
      ]
    },
    "UpgradeStep":{
      "type":"string",
      "enum":[
        "PRE_UPGRADE_CHECK",
        "SNAPSHOT",
        "UPGRADE"
      ]
    },
    "UpgradeStepItem":{
      "type":"structure",
      "members":{
        "UpgradeStep":{"shape":"UpgradeStep"},
        "UpgradeStepStatus":{"shape":"UpgradeStatus"},
        "Issues":{"shape":"Issues"},
        "ProgressPercent":{"shape":"Double"}
      }
    },
    "UpgradeStepsList":{
      "type":"list",
      "member":{"shape":"UpgradeStepItem"}
    },
    "UserPoolId":{
      "type":"string",
      "max":55,
      "min":1,
      "pattern":"[\\w-]+_[0-9a-zA-Z]+"
    },
    "VPCDerivedInfo":{
      "type":"structure",
      "members":{
        "VPCId":{"shape":"String"},
        "SubnetIds":{"shape":"StringList"},
        "AvailabilityZones":{"shape":"StringList"},
        "SecurityGroupIds":{"shape":"StringList"}
      }
    },
    "VPCDerivedInfoStatus":{
      "type":"structure",
      "required":[
        "Options",
        "Status"
      ],
      "members":{
        "Options":{"shape":"VPCDerivedInfo"},
        "Status":{"shape":"OptionStatus"}
      }
    },
    "VPCOptions":{
      "type":"structure",
      "members":{
        "SubnetIds":{"shape":"StringList"},
        "SecurityGroupIds":{"shape":"StringList"}
      }
    },
    "ValidationException":{
      "type":"structure",
      "members":{
      },
      "error":{"httpStatusCode":400},
      "exception":true
    },
    "VolumeType":{
      "type":"string",
      "enum":[
        "standard",
        "gp2",
        "io1"
      ]
    },
    "ZoneAwarenessConfig":{
      "type":"structure",
      "members":{
        "AvailabilityZoneCount":{"shape":"IntegerClass"}
      }
    }
  }
}
