{
  "version": "1.0",
  "examples": {
    "CreateCloudFrontOriginAccessIdentity": [
      null
    ],
    "CreateDistribution": [
      null
    ],
    "CreateDistributionWithTags": [
      null
    ],
    "CreateInvalidation": [
      null
    ],
    "CreateStreamingDistribution": [
      null
    ],
    "DeleteCloudFrontOriginAccessIdentity": [
      null
    ],
    "DeleteDistribution": [
      null
    ],
    "DeleteStreamingDistribution": [
      null
    ],
    "GetCloudFrontOriginAccessIdentity": [
      null
    ],
    "GetCloudFrontOriginAccessIdentityConfig": [
      null
    ],
    "GetDistribution": [
      null
    ],
    "GetDistributionConfig": [
      null
    ],
    "GetInvalidation": [
      null
    ],
    "GetStreamingDistribution": [
      null
    ],
    "GetStreamingDistributionConfig": [
      null
    ],
    "ListCloudFrontOriginAccessIdentities": [
      null
    ],
    "ListDistributions": [
      null
    ],
    "ListDistributionsByWebACLId": [
      null
    ],
    "ListInvalidations": [
      null
    ],
    "ListStreamingDistributions": [
      null
    ],
    "ListTagsForResource": [
      null
    ],
    "TagResource": [
      null
    ],
    "UntagResource": [
      null
    ],
    "UpdateCloudFrontOriginAccessIdentity": [
      null
    ],
    "UpdateDistribution": [
      null
    ],
    "UpdateStreamingDistribution": [
      null
    ]
  }
}
