{
  "pagination": {
    "GetClassifiers": {
      "input_token": "NextToken",
      "limit_key": "MaxResults",
      "output_token": "NextToken"
    },
    "GetConnections": {
      "input_token": "NextToken",
      "limit_key": "MaxResults",
      "output_token": "NextToken"
    },
    "GetCrawlerMetrics": {
      "input_token": "NextToken",
      "limit_key": "MaxResults",
      "output_token": "NextToken"
    },
    "GetCrawlers": {
      "input_token": "NextToken",
      "limit_key": "MaxResults",
      "output_token": "NextToken"
    },
    "GetDatabases": {
      "input_token": "NextToken",
      "limit_key": "MaxResults",
      "output_token": "NextToken"
    },
    "GetDevEndpoints": {
      "input_token": "NextToken",
      "limit_key": "MaxResults",
      "output_token": "NextToken"
    },
    "GetJobRuns": {
      "input_token": "NextToken",
      "limit_key": "MaxResults",
      "output_token": "NextToken"
    },
    "GetJobs": {
      "input_token": "NextToken",
      "limit_key": "MaxResults",
      "output_token": "NextToken"
    },
    "GetPartitions": {
      "input_token": "NextToken",
      "limit_key": "MaxResults",
      "output_token": "NextToken"
    },
    "GetSecurityConfigurations": {
      "input_token": "NextToken",
      "limit_key": "MaxResults",
      "output_token": "NextToken",
      "result_key": "SecurityConfigurations"
    },
    "GetTableVersions": {
      "input_token": "NextToken",
      "limit_key": "MaxResults",
      "output_token": "NextToken"
    },
    "GetTables": {
      "input_token": "NextToken",
      "limit_key": "MaxResults",
      "output_token": "NextToken"
    },
    "GetTriggers": {
      "input_token": "NextToken",
      "limit_key": "MaxResults",
      "output_token": "NextToken"
    },
    "GetUserDefinedFunctions": {
      "input_token": "NextToken",
      "limit_key": "MaxResults",
      "output_token": "NextToken"
    },
    "ListCrawlers": {
      "input_token": "NextToken",
      "limit_key": "MaxResults",
      "output_token": "NextToken"
    },
    "ListDevEndpoints": {
      "input_token": "NextToken",
      "limit_key": "MaxResults",
      "output_token": "NextToken"
    },
    "ListJobs": {
      "input_token": "NextToken",
      "limit_key": "MaxResults",
      "output_token": "NextToken"
    },
    "ListTriggers": {
      "input_token": "NextToken",
      "limit_key": "MaxResults",
      "output_token": "NextToken"
    }
  }
}