{
  "pagination": {
    "DescribeSchedule": {
      "input_token": "NextToken",
      "output_token": "NextToken",
      "limit_key": "MaxResults"
    },
    "ListChannels": {
      "input_token": "NextToken",
      "output_token": "NextToken",
      "limit_key": "MaxResults"
    },
    "ListInputSecurityGroups": {
      "input_token": "NextToken",
      "output_token": "NextToken",
      "limit_key": "MaxResults"
    },
    "ListInputs": {
      "input_token": "NextToken",
      "output_token": "NextToken",
      "limit_key": "MaxResults"
    },
    "ListOfferings": {
      "input_token": "NextToken",
      "output_token": "NextToken",
      "limit_key": "MaxResults"
    },
    "ListReservations": {
      "input_token": "NextToken",
      "output_token": "NextToken",
      "limit_key": "MaxResults"
    }
  }
}
