{
  "pagination": {
    "DescribeAlarmHistory": {
      "input_token": "NextToken",
      "limit_key": "MaxRecords",
      "output_token": "NextToken",
      "result_key": "AlarmHistoryItems"
    },
    "DescribeAlarms": {
      "input_token": "NextToken",
      "limit_key": "MaxRecords",
      "output_token": "NextToken",
      "result_key": "MetricAlarms"
    },
    "DescribeAlarmsForMetric": {
      "result_key": "MetricAlarms"
    },
    "GetMetricData": {
      "input_token": "NextToken",
      "limit_key": "MaxDatapoints",
      "output_token": "NextToken",
      "result_key": [
        "MetricDataResults",
        "Messages"
      ]
    },
    "ListDashboards": {
      "input_token": "NextToken",
      "output_token": "NextToken",
      "result_key": "DashboardEntries"
    },
    "ListMetrics": {
      "input_token": "NextToken",
      "output_token": "NextToken",
      "result_key": "Metrics"
    }
  }
}